,Complexity,Length,Steps taken,Time Taken,RSS(in GB),VMS(in GB),Core 1 Frequency,Core 2 Frequency,Core 3 Frequency,Core 4 Frequency,Core 5 Frequency,Core 6 Frequency,Core 7 Frequency,Core 8 Frequency,CPU Percentage Used
0,O(2^n) Exponential,2,4,5.0067901611328125e-06,3.125e-05,0.0,3257.827,1458.183,1207.023,1263.637,1199.515,1200.229,1200.23,1216.042,3.3
1,O(2^n) Exponential,4,16,2.2172927856445312e-05,3.125e-05,0.0,3232.254,3260.321,1605.777,1439.58,2122.337,3079.066,3101.915,1431.178,0.7
2,O(2^n) Exponential,8,256,6.127357482910156e-05,0.0,0.0,3225.411,3306.533,3346.253,3397.361,3282.145,3296.666,3299.367,3224.671,1.5
3,O(2^n) Exponential,16,65536,0.01443624496459961,0.0,0.0,3416.168,3072.413,3455.236,3245.743,3384.904,3247.937,3255.151,3301.068,2.5
4,O(2^n) Exponential,32,1102910648,240.0,0.0,0.0,3000.225,1339.443,1318.368,1317.622,1301.251,1300.264,1300.017,1300.151,9.5
